name,eval_task_name,model_name,data_dir,model_name_or_path,task_name,output_dir,replacing_rate,scheduler_type,scheduler_linear_k,steps_for_replacing,model_type,config_name,tokenizer_name,cache_dir,max_seq_length,do_train,do_eval,evaluate_during_training,do_lower_case,per_gpu_train_batch_size,per_gpu_eval_batch_size,gradient_accumulation_steps,learning_rate,weight_decay,adam_epsilon,max_grad_norm,num_train_epochs,warmup_steps,no_cuda,overwrite_output_dir,overwrite_cache,n_gpu,output_mode,train_batch_size,eval_batch_size,training_time,accuracy,eval_time,z_amb_precision,z_amb_recall,z_amb_f1-score,z_amb_support,z_minus_m_precision,z_minus_m_recall,z_minus_m_f1-score,z_minus_m_support,z_plus_m_precision,z_plus_m_recall,z_plus_m_f1-score,z_plus_m_support,z_zero_precision,z_zero_recall,z_zero_f1-score,z_zero_support,macro avg_precision,macro avg_recall,macro avg_f1-score,macro avg_support,weighted avg_precision,weighted avg_recall,weighted avg_f1-score,weighted avg_support,model_size,memory,parameters
multiemo_en_Nhotels_sentence-run-1,multiemo_en_hotels_sentence,Bert-of-Theseus,data/multiemo2,data/models/bert-base-uncased/multiemo_en_Nhotels_sentence,multiemo_en_Nhotels_sentence,data/models/bert-of-theseus/multiemo_en_Nhotels_sentence-run-1,0.3,linear,0.00014,0,bert,,,,128,True,False,True,True,16,16,1,5e-05,0.01,1e-08,1.0,4.0,0,False,False,False,1,classification,16,16,739.240465,0.6969818913480885,3.248648,0.48214285714285715,0.47038327526132406,0.4761904761904762,287,0.8230088495575221,0.7202323330106486,0.7681982447083118,1033,0.734375,0.7790055248618785,0.7560321715817693,724,0.5422138836772983,0.655328798185941,0.5934291581108829,441,0.6454351475944194,0.656237482829948,0.64846251264786,2485,0.7079867059535649,0.6969818913480885,0.6999134826569228,2485,267873391,267832336,66958084
multiemo_en_Nhotels_sentence-run-2,multiemo_en_hotels_sentence,Bert-of-Theseus,data/multiemo2,data/models/bert-base-uncased/multiemo_en_Nhotels_sentence,multiemo_en_Nhotels_sentence,data/models/bert-of-theseus/multiemo_en_Nhotels_sentence-run-2,0.3,linear,0.00014,0,bert,,,,128,True,False,True,True,16,16,1,5e-05,0.01,1e-08,1.0,4.0,0,False,False,False,1,classification,16,16,733.293064,0.7030181086519115,2.920394,0.4959016393442623,0.42160278745644597,0.45574387947269307,287,0.8529062870699882,0.6960309777347532,0.7665245202558636,1033,0.717208182912154,0.8232044198895028,0.7665594855305465,724,0.5485008818342152,0.7052154195011338,0.6170634920634921,441,0.653629247790155,0.6615134011454589,0.6514728443306488,2485,0.7181181401820481,0.7030181086519115,0.7041176621155274,2485,267873391,267832336,66958084
multiemo_en_Nhotels_sentence-run-3,multiemo_en_hotels_sentence,Bert-of-Theseus,data/multiemo2,data/models/bert-base-uncased/multiemo_en_Nhotels_sentence,multiemo_en_Nhotels_sentence,data/models/bert-of-theseus/multiemo_en_Nhotels_sentence-run-3,0.3,linear,0.00014,0,bert,,,,128,True,False,True,True,16,16,1,5e-05,0.01,1e-08,1.0,4.0,0,False,False,False,1,classification,16,16,740.892758,0.716297786720322,2.880191,0.5375,0.44947735191637633,0.4895635673624289,287,0.8215767634854771,0.7666989351403679,0.7931897846770155,1033,0.7667121418826739,0.7762430939226519,0.7714481811942348,724,0.541970802919708,0.673469387755102,0.6006066734074823,441,0.6669399270719648,0.6664721921836245,0.6637020516602903,2485,0.7231629824914065,0.716297786720322,0.7176119990187927,2485,267873391,267832336,66958084
multiemo_en_Nhotels_sentence-run-4,multiemo_en_hotels_sentence,Bert-of-Theseus,data/multiemo2,data/models/bert-base-uncased/multiemo_en_Nhotels_sentence,multiemo_en_Nhotels_sentence,data/models/bert-of-theseus/multiemo_en_Nhotels_sentence-run-4,0.3,linear,0.00014,0,bert,,,,128,True,False,True,True,16,16,1,5e-05,0.01,1e-08,1.0,4.0,0,False,False,False,1,classification,16,16,760.72328,0.6961770623742455,2.971457,0.4684014869888476,0.43902439024390244,0.45323741007194246,287,0.8312138728323699,0.6960309777347532,0.7576396206533194,1033,0.7451235370611183,0.7914364640883977,0.7675820495646348,724,0.5360824742268041,0.7074829931972789,0.6099706744868034,441,0.6452053427772849,0.6584937063160831,0.6471074386941751,2485,0.7118539112144497,0.6961770623742455,0.6991739783336025,2485,267873391,267832336,66958084
multiemo_en_Nhotels_sentence-run-5,multiemo_en_hotels_sentence,Bert-of-Theseus,data/multiemo2,data/models/bert-base-uncased/multiemo_en_Nhotels_sentence,multiemo_en_Nhotels_sentence,data/models/bert-of-theseus/multiemo_en_Nhotels_sentence-run-5,0.3,linear,0.00014,0,bert,,,,128,True,False,True,True,16,16,1,5e-05,0.01,1e-08,1.0,4.0,0,False,False,False,1,classification,16,16,735.030856,0.7054325955734406,2.983219,0.4929078014184397,0.4843205574912892,0.48857644991212656,287,0.8252747252747252,0.7270087124878993,0.7730313947503861,1033,0.7667121418826739,0.7762430939226519,0.7714481811942348,724,0.5375,0.6825396825396826,0.6013986013986015,441,0.6555986671439596,0.6675280116103808,0.6586136568138372,2485,0.7187567086273396,0.7054325955734406,0.7092588081703576,2485,267873391,267832336,66958084
multiemo_en_Nmedicine_sentence-run-1,multiemo_en_medicine_sentence,Bert-of-Theseus,data/multiemo2,data/models/bert-base-uncased/multiemo_en_Nmedicine_sentence,multiemo_en_Nmedicine_sentence,data/models/bert-of-theseus/multiemo_en_Nmedicine_sentence-run-1,0.3,linear,0.00014,0,bert,,,,128,True,False,True,True,16,16,1,5e-05,0.01,1e-08,1.0,4.0,0,False,False,False,1,classification,16,16,757.053822,0.6485651214128035,3.21726,0.22485207100591717,0.49673202614379086,0.30957230142566194,153,0.6397058823529411,0.7393767705382436,0.6859395532194481,706,0.7115384615384616,0.6428571428571429,0.6754563894523327,518,0.8367029548989113,0.6058558558558559,0.7028086218158067,888,0.6031998424490578,0.6212054488487583,0.5934442164783124,2265,0.7053438705661095,0.6485651214128035,0.6647321645032235,2265,267873391,267832336,66958084
multiemo_en_Nmedicine_sentence-run-2,multiemo_en_medicine_sentence,Bert-of-Theseus,data/multiemo2,data/models/bert-base-uncased/multiemo_en_Nmedicine_sentence,multiemo_en_Nmedicine_sentence,data/models/bert-of-theseus/multiemo_en_Nmedicine_sentence-run-2,0.3,linear,0.00014,0,bert,,,,128,True,False,True,True,16,16,1,5e-05,0.01,1e-08,1.0,4.0,0,False,False,False,1,classification,16,16,742.640801,0.6388520971302428,2.939591,0.24686192468619247,0.38562091503267976,0.3010204081632653,153,0.5955307262569832,0.7549575070821529,0.6658338538413491,706,0.6616541353383458,0.6795366795366795,0.6704761904761904,518,0.8397328881469115,0.5664414414414415,0.6765299260255547,888,0.5859449186071082,0.5966391357732385,0.5784650946265899,2265,0.6828407125801935,0.6388520971302428,0.6464459444760845,2265,267873391,267832336,66958084
multiemo_en_Nmedicine_sentence-run-3,multiemo_en_medicine_sentence,Bert-of-Theseus,data/multiemo2,data/models/bert-base-uncased/multiemo_en_Nmedicine_sentence,multiemo_en_Nmedicine_sentence,data/models/bert-of-theseus/multiemo_en_Nmedicine_sentence-run-3,0.3,linear,0.00014,0,bert,,,,128,True,False,True,True,16,16,1,5e-05,0.01,1e-08,1.0,4.0,0,False,False,False,1,classification,16,16,735.427113,0.6578366445916115,2.868193,0.23591549295774647,0.43790849673202614,0.3066361556064073,153,0.6327944572748267,0.7762039660056658,0.6972010178117048,706,0.7130044843049327,0.6138996138996139,0.6597510373443983,518,0.8325859491778774,0.6272522522522522,0.7154784842646115,888,0.6035750959288458,0.6138160822223895,0.5947666737567805,2265,0.7026581028690831,0.6578366445916115,0.6694195062932526,2265,267873391,267832336,66958084
multiemo_en_Nmedicine_sentence-run-4,multiemo_en_medicine_sentence,Bert-of-Theseus,data/multiemo2,data/models/bert-base-uncased/multiemo_en_Nmedicine_sentence,multiemo_en_Nmedicine_sentence,data/models/bert-of-theseus/multiemo_en_Nmedicine_sentence-run-4,0.3,linear,0.00014,0,bert,,,,128,True,False,True,True,16,16,1,5e-05,0.01,1e-08,1.0,4.0,0,False,False,False,1,classification,16,16,755.907127,0.6392935982339956,2.873508,0.2148997134670487,0.49019607843137253,0.29880478087649404,153,0.6391625615763546,0.7351274787535411,0.6837944664031621,706,0.6901709401709402,0.6235521235521235,0.6551724137931034,518,0.8349056603773585,0.597972972972973,0.6968503937007875,888,0.5947847188979255,0.6117121634275026,0.5836555136933868,2265,0.6989109042194288,0.6392935982339956,0.6563613619010432,2265,267873391,267832336,66958084
multiemo_en_Nmedicine_sentence-run-5,multiemo_en_medicine_sentence,Bert-of-Theseus,data/multiemo2,data/models/bert-base-uncased/multiemo_en_Nmedicine_sentence,multiemo_en_Nmedicine_sentence,data/models/bert-of-theseus/multiemo_en_Nmedicine_sentence-run-5,0.3,linear,0.00014,0,bert,,,,128,True,False,True,True,16,16,1,5e-05,0.01,1e-08,1.0,4.0,0,False,False,False,1,classification,16,16,746.793547,0.6304635761589404,2.836999,0.20851063829787234,0.3202614379084967,0.25257731958762886,153,0.5704567541302236,0.8314447592067988,0.6766570605187321,706,0.7049891540130152,0.6274131274131274,0.6639427987742595,518,0.8648148148148148,0.5259009009009009,0.65406162464986,888,0.5871928403139814,0.576255056357331,0.5618097008826201,2265,0.6921786019469358,0.6304635761589404,0.6362442856853306,2265,267873391,267832336,66958084
multiemo_en_Nproducts_sentence-run-1,multiemo_en_products_sentence,Bert-of-Theseus,data/multiemo2,data/models/bert-base-uncased/multiemo_en_Nproducts_sentence,multiemo_en_Nproducts_sentence,data/models/bert-of-theseus/multiemo_en_Nproducts_sentence-run-1,0.3,linear,0.00014,0,bert,,,,128,True,False,True,True,16,16,1,5e-05,0.01,1e-08,1.0,4.0,0,False,False,False,1,classification,16,16,1053.510438,0.6132075471698113,1.104855,0.6727272727272727,0.2824427480916031,0.39784946236559143,131,0.6984126984126984,0.7674418604651163,0.7313019390581718,344,0.7905405405405406,0.6030927835051546,0.6842105263157896,194,0.22981366459627328,0.5068493150684932,0.3162393162393162,73,0.5978735440691962,0.5399566767825918,0.5324003109947173,742,0.6718632120776735,0.6132075471698113,0.6192836371922329,742,267873391,267832336,66958084
multiemo_en_Nproducts_sentence-run-2,multiemo_en_products_sentence,Bert-of-Theseus,data/multiemo2,data/models/bert-base-uncased/multiemo_en_Nproducts_sentence,multiemo_en_Nproducts_sentence,data/models/bert-of-theseus/multiemo_en_Nproducts_sentence-run-2,0.3,linear,0.00014,0,bert,,,,128,True,False,True,True,16,16,1,5e-05,0.01,1e-08,1.0,4.0,0,False,False,False,1,classification,16,16,1014.980613,0.5835579514824798,0.999472,0.5308641975308642,0.3282442748091603,0.4056603773584906,131,0.7225609756097561,0.688953488372093,0.7053571428571428,344,0.7687074829931972,0.5824742268041238,0.6627565982404693,194,0.21505376344086022,0.547945205479452,0.3088803088803089,73,0.5592966048936694,0.5369042988662073,0.5206636068341028,742,0.65085223978189,0.5835579514824798,0.6023010905441145,742,267873391,267832336,66958084
multiemo_en_Nproducts_sentence-run-3,multiemo_en_products_sentence,Bert-of-Theseus,data/multiemo2,data/models/bert-base-uncased/multiemo_en_Nproducts_sentence,multiemo_en_Nproducts_sentence,data/models/bert-of-theseus/multiemo_en_Nproducts_sentence-run-3,0.3,linear,0.00014,0,bert,,,,128,True,False,True,True,16,16,1,5e-05,0.01,1e-08,1.0,4.0,0,False,False,False,1,classification,16,16,1013.004869,0.5983827493261455,0.986054,0.6271186440677966,0.2824427480916031,0.3894736842105263,131,0.7114285714285714,0.7238372093023255,0.717579250720461,344,0.7959183673469388,0.6030927835051546,0.686217008797654,194,0.22043010752688172,0.5616438356164384,0.3166023166023166,73,0.588723922592547,0.5427541441288805,0.5274680650827395,742,0.6703282103222081,0.5983827493261455,0.6120032125311746,742,267873391,267832336,66958084
multiemo_en_Nproducts_sentence-run-4,multiemo_en_products_sentence,Bert-of-Theseus,data/multiemo2,data/models/bert-base-uncased/multiemo_en_Nproducts_sentence,multiemo_en_Nproducts_sentence,data/models/bert-of-theseus/multiemo_en_Nproducts_sentence-run-4,0.3,linear,0.00014,0,bert,,,,128,True,False,True,True,16,16,1,5e-05,0.01,1e-08,1.0,4.0,0,False,False,False,1,classification,16,16,1019.589556,0.6064690026954178,0.95287,0.609375,0.29770992366412213,0.4,131,0.7313432835820896,0.7122093023255814,0.7216494845360825,344,0.8095238095238095,0.6134020618556701,0.6979472140762464,194,0.23979591836734693,0.6438356164383562,0.3494423791821561,73,0.5975095028683116,0.5667892260709325,0.5422597694486212,742,0.681890748841879,0.6064690026954178,0.6220464634656355,742,267873391,267832336,66958084
multiemo_en_Nproducts_sentence-run-5,multiemo_en_products_sentence,Bert-of-Theseus,data/multiemo2,data/models/bert-base-uncased/multiemo_en_Nproducts_sentence,multiemo_en_Nproducts_sentence,data/models/bert-of-theseus/multiemo_en_Nproducts_sentence-run-5,0.3,linear,0.00014,0,bert,,,,128,True,False,True,True,16,16,1,5e-05,0.01,1e-08,1.0,4.0,0,False,False,False,1,classification,16,16,1076.264361,0.628032345013477,0.975072,0.5454545454545454,0.32061068702290074,0.4038461538461538,131,0.7205479452054795,0.7645348837209303,0.7418899858956276,344,0.821917808219178,0.6185567010309279,0.7058823529411764,194,0.2662337662337662,0.5616438356164384,0.3612334801762115,73,0.5885385162782423,0.5663365268477993,0.5532129932147923,742,0.6714422619067599,0.628032345013477,0.6353439647242503,742,267873391,267832336,66958084
multiemo_en_Nreviews_sentence-run-1,multiemo_en_reviews_sentence,Bert-of-Theseus,data/multiemo2,data/models/bert-base-uncased/multiemo_en_Nreviews_sentence,multiemo_en_Nreviews_sentence,data/models/bert-of-theseus/multiemo_en_Nreviews_sentence-run-1,0.3,linear,0.00014,0,bert,,,,128,True,False,True,True,16,16,1,5e-05,0.01,1e-08,1.0,4.0,0,False,False,False,1,classification,16,16,1092.322175,0.49407114624505927,0.476072,0.7636363636363637,0.38181818181818183,0.509090909090909,110,0.3333333333333333,0.675,0.4462809917355372,40,0.6621621621621622,0.5697674418604651,0.6125,86,0.16279069767441862,0.4117647058823529,0.23333333333333336,17,0.4804806392015694,0.5095875823902499,0.45030130853994493,253,0.6207380282203335,0.49407114624505927,0.5157822384825619,253,267873391,267832336,66958084
multiemo_en_Nreviews_sentence-run-2,multiemo_en_reviews_sentence,Bert-of-Theseus,data/multiemo2,data/models/bert-base-uncased/multiemo_en_Nreviews_sentence,multiemo_en_Nreviews_sentence,data/models/bert-of-theseus/multiemo_en_Nreviews_sentence-run-2,0.3,linear,0.00014,0,bert,,,,128,True,False,True,True,16,16,1,5e-05,0.01,1e-08,1.0,4.0,0,False,False,False,1,classification,16,16,1062.355616,0.466403162055336,0.488189,0.7619047619047619,0.2909090909090909,0.4210526315789473,110,0.38028169014084506,0.675,0.48648648648648646,40,0.53,0.6162790697674418,0.5698924731182796,86,0.15,0.35294117647058826,0.21052631578947367,17,0.4555466130114017,0.4837823342867803,0.42198947674329673,253,0.5816236814828365,0.466403162055336,0.4678456481807778,253,267873391,267832336,66958084
multiemo_en_Nreviews_sentence-run-3,multiemo_en_reviews_sentence,Bert-of-Theseus,data/multiemo2,data/models/bert-base-uncased/multiemo_en_Nreviews_sentence,multiemo_en_Nreviews_sentence,data/models/bert-of-theseus/multiemo_en_Nreviews_sentence-run-3,0.3,linear,0.00014,0,bert,,,,128,True,False,True,True,16,16,1,5e-05,0.01,1e-08,1.0,4.0,0,False,False,False,1,classification,16,16,1142.307344,0.525691699604743,0.444541,0.7313432835820896,0.44545454545454544,0.5536723163841808,110,0.36619718309859156,0.65,0.46846846846846846,40,0.6463414634146342,0.6162790697674418,0.6309523809523809,86,0.15151515151515152,0.29411764705882354,0.19999999999999998,17,0.47384927040261676,0.5014628155702027,0.46327329145125756,253,0.6057579918869155,0.525691699604743,0.5427059221458632,253,267873391,267832336,66958084
multiemo_en_Nreviews_sentence-run-4,multiemo_en_reviews_sentence,Bert-of-Theseus,data/multiemo2,data/models/bert-base-uncased/multiemo_en_Nreviews_sentence,multiemo_en_Nreviews_sentence,data/models/bert-of-theseus/multiemo_en_Nreviews_sentence-run-4,0.3,linear,0.00014,0,bert,,,,128,True,False,True,True,16,16,1,5e-05,0.01,1e-08,1.0,4.0,0,False,False,False,1,classification,16,16,1154.333862,0.5059288537549407,0.412881,0.6875,0.4,0.5057471264367817,110,0.4057971014492754,0.7,0.5137614678899083,40,0.6282051282051282,0.5697674418604651,0.5975609756097561,86,0.16666666666666666,0.4117647058823529,0.23728813559322035,17,0.4720422240802676,0.5203830369357045,0.46358942638241657,253,0.5878097170630253,0.5059288537549407,0.5201849202812888,253,267873391,267832336,66958084
multiemo_en_Nreviews_sentence-run-5,multiemo_en_reviews_sentence,Bert-of-Theseus,data/multiemo2,data/models/bert-base-uncased/multiemo_en_Nreviews_sentence,multiemo_en_Nreviews_sentence,data/models/bert-of-theseus/multiemo_en_Nreviews_sentence-run-5,0.3,linear,0.00014,0,bert,,,,128,True,False,True,True,16,16,1,5e-05,0.01,1e-08,1.0,4.0,0,False,False,False,1,classification,16,16,1113.517794,0.4624505928853755,0.423878,0.7192982456140351,0.37272727272727274,0.49101796407185627,110,0.35526315789473684,0.675,0.4655172413793103,40,0.5945945945945946,0.5116279069767442,0.55,86,0.10869565217391304,0.29411764705882354,0.15873015873015875,17,0.4444629125693199,0.46336820669071016,0.4163163410453314,253,0.5783252749226284,0.4624505928853755,0.4847078197687325,253,267873391,267832336,66958084
multiemo_en_hotels_sentence-run-1,multiemo_en_hotels_sentence,Bert-of-Theseus,data/multiemo2,data/models/bert-base-uncased/multiemo_en_hotels_sentence,multiemo_en_hotels_sentence,data/models/bert-of-theseus/multiemo_en_hotels_sentence-run-1,0.3,linear,0.00014,0,bert,,,,128,True,True,True,True,16,16,1,5e-05,0.01,1e-08,1.0,4.0,0,False,False,False,1,classification,16,16,548.769461,0.8008048289738431,3.238349,0.5779467680608364,0.5296167247386759,0.5527272727272727,287,0.8307830783078308,0.89351403678606,0.8610074626865671,1033,0.8387096774193549,0.8259668508287292,0.8322894919972165,724,0.7964824120603015,0.7188208616780045,0.7556615017878426,441,0.760980483962081,0.7419796185078674,0.7504214322997248,2485,0.7978045040223966,0.8008048289738431,0.7983411471719817,2485,267873391,267832336,66958084
multiemo_en_hotels_sentence-run-2,multiemo_en_hotels_sentence,Bert-of-Theseus,data/multiemo2,data/models/bert-base-uncased/multiemo_en_hotels_sentence,multiemo_en_hotels_sentence,data/models/bert-of-theseus/multiemo_en_hotels_sentence-run-2,0.3,linear,0.00014,0,bert,,,,128,True,True,True,True,16,16,1,5e-05,0.01,1e-08,1.0,4.0,0,False,False,False,1,classification,16,16,517.119249,0.8056338028169014,3.193572,0.6050420168067226,0.5017421602787456,0.5485714285714286,287,0.8193832599118943,0.9002904162633107,0.8579335793357934,1033,0.8486932599724897,0.8522099447513812,0.850447966919366,724,0.8077922077922078,0.7052154195011338,0.7530266343825665,441,0.7702276861208287,0.7398644851986429,0.7524949023022887,2485,0.801110764655518,0.8056338028169014,0.8014062218375081,2485,267873391,267832336,66958084
multiemo_en_hotels_sentence-run-3,multiemo_en_hotels_sentence,Bert-of-Theseus,data/multiemo2,data/models/bert-base-uncased/multiemo_en_hotels_sentence,multiemo_en_hotels_sentence,data/models/bert-of-theseus/multiemo_en_hotels_sentence-run-3,0.3,linear,0.00014,0,bert,,,,128,True,True,True,True,16,16,1,5e-05,0.01,1e-08,1.0,4.0,0,False,False,False,1,classification,16,16,525.14041,0.8032193158953722,3.19508,0.5494880546075085,0.5609756097560976,0.5551724137931034,287,0.8379373848987108,0.8809293320425944,0.8588957055214724,1033,0.8441379310344828,0.8453038674033149,0.84472049689441,724,0.821522309711286,0.7097505668934241,0.7615571776155718,441,0.7632714200629971,0.7492398440238577,0.7550864484561395,2485,0.8035169379977327,0.8032193158953722,0.8024137229948981,2485,267873391,267832336,66958084
multiemo_en_hotels_sentence-run-4,multiemo_en_hotels_sentence,Bert-of-Theseus,data/multiemo2,data/models/bert-base-uncased/multiemo_en_hotels_sentence,multiemo_en_hotels_sentence,data/models/bert-of-theseus/multiemo_en_hotels_sentence-run-4,0.3,linear,0.00014,0,bert,,,,128,True,True,True,True,16,16,1,5e-05,0.01,1e-08,1.0,4.0,0,False,False,False,1,classification,16,16,527.266036,0.8036217303822938,3.195019,0.5640138408304498,0.5679442508710801,0.5659722222222222,287,0.8418604651162791,0.8760890609874153,0.8586337760910817,1033,0.8447802197802198,0.8494475138121547,0.8471074380165289,724,0.7989821882951654,0.7120181405895691,0.7529976019184652,441,0.7624091785055285,0.7513747415650549,0.7561777595620744,2485,0.8030124172806851,0.8036217303822938,0.8027285497182596,2485,267873391,267832336,66958084
multiemo_en_hotels_sentence-run-5,multiemo_en_hotels_sentence,Bert-of-Theseus,data/multiemo2,data/models/bert-base-uncased/multiemo_en_hotels_sentence,multiemo_en_hotels_sentence,data/models/bert-of-theseus/multiemo_en_hotels_sentence-run-5,0.3,linear,0.00014,0,bert,,,,128,True,True,True,True,16,16,1,5e-05,0.01,1e-08,1.0,4.0,0,False,False,False,1,classification,16,16,545.880247,0.8052313883299799,3.204985,0.6540284360189573,0.4808362369337979,0.5542168674698795,287,0.8160621761658031,0.914811229428848,0.8626198083067093,1033,0.8222811671087533,0.856353591160221,0.8389715832205683,724,0.8232044198895028,0.6757369614512472,0.7422166874221668,441,0.7788940497957542,0.7319345047435285,0.749506236604831,2485,0.8004278081588425,0.8052313883299799,0.7987442609052527,2485,267873391,267832336,66958084
multiemo_en_medicine_sentence-run-1,multiemo_en_medicine_sentence,Bert-of-Theseus,data/multiemo2,data/models/bert-base-uncased/multiemo_en_medicine_sentence,multiemo_en_medicine_sentence,data/models/bert-of-theseus/multiemo_en_medicine_sentence-run-1,0.3,linear,0.00014,0,bert,,,,128,True,True,True,True,16,16,1,5e-05,0.01,1e-08,1.0,4.0,0,False,False,False,1,classification,16,16,515.744547,0.7757174392935983,3.181898,0.4111111111111111,0.24183006535947713,0.30452674897119336,153,0.7627118644067796,0.7648725212464589,0.7637906647807637,706,0.7882797731568998,0.805019305019305,0.7965616045845272,518,0.8134328358208955,0.8592342342342343,0.8357064622124863,888,0.6938838961239215,0.6677390314648688,0.6751463701372427,2265,0.7646939765895875,0.7757174392935983,0.7684569764005673,2265,267873391,267832336,66958084
multiemo_en_medicine_sentence-run-2,multiemo_en_medicine_sentence,Bert-of-Theseus,data/multiemo2,data/models/bert-base-uncased/multiemo_en_medicine_sentence,multiemo_en_medicine_sentence,data/models/bert-of-theseus/multiemo_en_medicine_sentence-run-2,0.3,linear,0.00014,0,bert,,,,128,True,True,True,True,16,16,1,5e-05,0.01,1e-08,1.0,4.0,0,False,False,False,1,classification,16,16,511.712071,0.7708609271523179,3.177667,0.5689655172413793,0.21568627450980393,0.3127962085308057,153,0.7247119078104993,0.8016997167138811,0.7612642905178212,706,0.8104838709677419,0.7760617760617761,0.7928994082840236,518,0.8010752688172043,0.838963963963964,0.8195819581958195,888,0.7263091412092062,0.6581029328123562,0.6716354663821175,2265,0.7637456136525878,0.7708609271523179,0.7610689101014599,2265,267873391,267832336,66958084
multiemo_en_medicine_sentence-run-3,multiemo_en_medicine_sentence,Bert-of-Theseus,data/multiemo2,data/models/bert-base-uncased/multiemo_en_medicine_sentence,multiemo_en_medicine_sentence,data/models/bert-of-theseus/multiemo_en_medicine_sentence-run-3,0.3,linear,0.00014,0,bert,,,,128,True,True,True,True,16,16,1,5e-05,0.01,1e-08,1.0,4.0,0,False,False,False,1,classification,16,16,503.493571,0.7779249448123621,3.156001,0.4574468085106383,0.28104575163398693,0.3481781376518219,153,0.751696065128901,0.7847025495750708,0.7678447678447677,706,0.782608695652174,0.7992277992277992,0.7908309455587392,518,0.8298342541436464,0.8457207207207207,0.8377021751254881,888,0.7053964558588399,0.6776742052893945,0.6861390065452042,2265,0.7695235786801395,0.7779249448123621,0.772141113673287,2265,267873391,267832336,66958084
multiemo_en_medicine_sentence-run-4,multiemo_en_medicine_sentence,Bert-of-Theseus,data/multiemo2,data/models/bert-base-uncased/multiemo_en_medicine_sentence,multiemo_en_medicine_sentence,data/models/bert-of-theseus/multiemo_en_medicine_sentence-run-4,0.3,linear,0.00014,0,bert,,,,128,True,True,True,True,16,16,1,5e-05,0.01,1e-08,1.0,4.0,0,False,False,False,1,classification,16,16,511.607322,0.7810154525386314,3.16966,0.45918367346938777,0.29411764705882354,0.35856573705179284,153,0.7590529247910863,0.7719546742209632,0.7654494382022472,706,0.7969924812030075,0.8185328185328186,0.8076190476190476,518,0.8233369683751364,0.8502252252252253,0.8365650969529086,888,0.7096415119596545,0.6837075912594576,0.6920498299564991,2265,0.772676291445299,0.7810154525386314,0.7754897721415278,2265,267873391,267832336,66958084
multiemo_en_medicine_sentence-run-5,multiemo_en_medicine_sentence,Bert-of-Theseus,data/multiemo2,data/models/bert-base-uncased/multiemo_en_medicine_sentence,multiemo_en_medicine_sentence,data/models/bert-of-theseus/multiemo_en_medicine_sentence-run-5,0.3,linear,0.00014,0,bert,,,,128,True,True,True,True,16,16,1,5e-05,0.01,1e-08,1.0,4.0,0,False,False,False,1,classification,16,16,509.050066,0.7836644591611479,3.167278,0.4631578947368421,0.2875816993464052,0.3548387096774194,153,0.7530529172320217,0.7861189801699717,0.7692307692307693,706,0.7943396226415095,0.8127413127413128,0.8034351145038169,518,0.8361018826135105,0.8502252252252253,0.8431044109436069,888,0.711663079305971,0.6841668043707287,0.6926522510889032,2265,0.7754723681013879,0.7836644591611479,0.778023554917646,2265,267873391,267832336,66958084
multiemo_en_products_sentence-run-1,multiemo_en_products_sentence,Bert-of-Theseus,data/multiemo2,data/models/bert-base-uncased/multiemo_en_products_sentence,multiemo_en_products_sentence,data/models/bert-of-theseus/multiemo_en_products_sentence-run-1,0.3,linear,0.00014,0,bert,,,,128,True,True,True,True,16,16,1,5e-05,0.01,1e-08,1.0,4.0,0,False,False,False,1,classification,16,16,188.655815,0.706199460916442,1.061154,0.46846846846846846,0.3969465648854962,0.42975206611570244,131,0.743142144638404,0.8662790697674418,0.8,344,0.7900552486187845,0.7371134020618557,0.7626666666666668,194,0.6326530612244898,0.4246575342465753,0.5081967213114754,73,0.6585797307375367,0.6062491427403423,0.6251538635234611,742,0.6960440145908522,0.706199460916442,0.6961633620623019,742,267873391,267832336,66958084
multiemo_en_products_sentence-run-2,multiemo_en_products_sentence,Bert-of-Theseus,data/multiemo2,data/models/bert-base-uncased/multiemo_en_products_sentence,multiemo_en_products_sentence,data/models/bert-of-theseus/multiemo_en_products_sentence-run-2,0.3,linear,0.00014,0,bert,,,,128,True,True,True,True,16,16,1,5e-05,0.01,1e-08,1.0,4.0,0,False,False,False,1,classification,16,16,189.855822,0.6900269541778976,1.06243,0.4152542372881356,0.37404580152671757,0.393574297188755,131,0.7380352644836272,0.8517441860465116,0.7908232118758435,344,0.7717391304347826,0.7319587628865979,0.7513227513227513,194,0.6511627906976745,0.3835616438356164,0.48275862068965514,73,0.6440478557260549,0.5853275985738609,0.6046197202692513,742,0.681313626809153,0.6900269541778976,0.6800531143988889,742,267873391,267832336,66958084
multiemo_en_products_sentence-run-3,multiemo_en_products_sentence,Bert-of-Theseus,data/multiemo2,data/models/bert-base-uncased/multiemo_en_products_sentence,multiemo_en_products_sentence,data/models/bert-of-theseus/multiemo_en_products_sentence-run-3,0.3,linear,0.00014,0,bert,,,,128,True,True,True,True,16,16,1,5e-05,0.01,1e-08,1.0,4.0,0,False,False,False,1,classification,16,16,188.316765,0.6698113207547169,1.06195,0.38333333333333336,0.3511450381679389,0.3665338645418327,131,0.7100737100737101,0.8401162790697675,0.7696404793608522,344,0.783625730994152,0.6907216494845361,0.7342465753424658,194,0.6363636363636364,0.3835616438356164,0.47863247863247854,73,0.6283491026912079,0.5663861526394647,0.5872633494694074,742,0.66436652317983,0.6698113207547169,0.660587961875637,742,267873391,267832336,66958084
multiemo_en_products_sentence-run-4,multiemo_en_products_sentence,Bert-of-Theseus,data/multiemo2,data/models/bert-base-uncased/multiemo_en_products_sentence,multiemo_en_products_sentence,data/models/bert-of-theseus/multiemo_en_products_sentence-run-4,0.3,linear,0.00014,0,bert,,,,128,True,True,True,True,16,16,1,5e-05,0.01,1e-08,1.0,4.0,0,False,False,False,1,classification,16,16,193.402681,0.6752021563342318,1.065709,0.4,0.3969465648854962,0.39846743295019155,131,0.7308707124010554,0.8052325581395349,0.7662517289073306,344,0.7912087912087912,0.7422680412371134,0.7659574468085107,194,0.5490196078431373,0.3835616438356164,0.45161290322580644,73,0.6177747778632459,0.5820022020244402,0.5955723779729598,742,0.6703402451927459,0.6752021563342318,0.6702874866265928,742,267873391,267832336,66958084
multiemo_en_products_sentence-run-5,multiemo_en_products_sentence,Bert-of-Theseus,data/multiemo2,data/models/bert-base-uncased/multiemo_en_products_sentence,multiemo_en_products_sentence,data/models/bert-of-theseus/multiemo_en_products_sentence-run-5,0.3,linear,0.00014,0,bert,,,,128,True,True,True,True,16,16,1,5e-05,0.01,1e-08,1.0,4.0,0,False,False,False,1,classification,16,16,191.285048,0.6900269541778976,1.065169,0.422680412371134,0.31297709923664124,0.35964912280701755,131,0.7367088607594937,0.8459302325581395,0.7875507442489852,344,0.776595744680851,0.7525773195876289,0.7643979057591621,194,0.5483870967741935,0.4657534246575342,0.5037037037037037,73,0.621093028646418,0.594309519009986,0.6038253691297171,742,0.6731682138200614,0.6900269541778976,0.6780256808585148,742,267873391,267832336,66958084
multiemo_en_reviews_sentence-run-1,multiemo_en_reviews_sentence,Bert-of-Theseus,data/multiemo2,data/models/bert-base-uncased/multiemo_en_reviews_sentence,multiemo_en_reviews_sentence,data/models/bert-of-theseus/multiemo_en_reviews_sentence-run-1,0.3,linear,0.00014,0,bert,,,,128,True,True,True,True,16,16,1,5e-05,0.01,1e-08,1.0,4.0,0,False,False,False,1,classification,16,16,83.272551,0.5573122529644269,0.457673,0.6,0.5454545454545454,0.5714285714285713,110,0.52,0.325,0.4,40,0.5526315789473685,0.7325581395348837,0.6299999999999999,86,0.35714285714285715,0.29411764705882354,0.3225806451612903,17,0.5074436090225565,0.47428258301206316,0.48100230414746536,253,0.5549317958928943,0.5573122529644269,0.5475138886359081,253,267873391,267832336,66958084
multiemo_en_reviews_sentence-run-2,multiemo_en_reviews_sentence,Bert-of-Theseus,data/multiemo2,data/models/bert-base-uncased/multiemo_en_reviews_sentence,multiemo_en_reviews_sentence,data/models/bert-of-theseus/multiemo_en_reviews_sentence-run-2,0.3,linear,0.00014,0,bert,,,,128,True,True,True,True,16,16,1,5e-05,0.01,1e-08,1.0,4.0,0,False,False,False,1,classification,16,16,82.539769,0.5731225296442688,0.460558,0.6116504854368932,0.5727272727272728,0.5915492957746479,110,0.5,0.175,0.25925925925925924,40,0.5476190476190477,0.8023255813953488,0.6509433962264152,86,0.6,0.35294117647058826,0.4444444444444445,17,0.5648173832639852,0.47574850764830245,0.48654909892619164,253,0.571449768748207,0.5731225296442688,0.5493181048877821,253,267873391,267832336,66958084
multiemo_en_reviews_sentence-run-3,multiemo_en_reviews_sentence,Bert-of-Theseus,data/multiemo2,data/models/bert-base-uncased/multiemo_en_reviews_sentence,multiemo_en_reviews_sentence,data/models/bert-of-theseus/multiemo_en_reviews_sentence-run-3,0.3,linear,0.00014,0,bert,,,,128,True,True,True,True,16,16,1,5e-05,0.01,1e-08,1.0,4.0,0,False,False,False,1,classification,16,16,78.848354,0.5770750988142292,0.46128,0.6261682242990654,0.6090909090909091,0.6175115207373272,110,0.3888888888888889,0.35,0.36842105263157887,40,0.6304347826086957,0.6744186046511628,0.651685393258427,86,0.3888888888888889,0.4117647058823529,0.39999999999999997,17,0.5085951961713847,0.5113185549061062,0.5094044916568332,253,0.5741603266557775,0.5770750988142292,0.5751306450853513,253,267873391,267832336,66958084
multiemo_en_reviews_sentence-run-4,multiemo_en_reviews_sentence,Bert-of-Theseus,data/multiemo2,data/models/bert-base-uncased/multiemo_en_reviews_sentence,multiemo_en_reviews_sentence,data/models/bert-of-theseus/multiemo_en_reviews_sentence-run-4,0.3,linear,0.00014,0,bert,,,,128,True,True,True,True,16,16,1,5e-05,0.01,1e-08,1.0,4.0,0,False,False,False,1,classification,16,16,80.530059,0.5731225296442688,0.457179,0.6106194690265486,0.6272727272727273,0.6188340807174888,110,0.42857142857142855,0.375,0.39999999999999997,40,0.68,0.5930232558139535,0.6335403726708074,86,0.3333333333333333,0.5882352941176471,0.42553191489361697,17,0.5131310577328276,0.5458828193010821,0.5194765920704782,253,0.5867891913140085,0.5731225296442688,0.5762461007185957,253,267873391,267832336,66958084
multiemo_en_reviews_sentence-run-5,multiemo_en_reviews_sentence,Bert-of-Theseus,data/multiemo2,data/models/bert-base-uncased/multiemo_en_reviews_sentence,multiemo_en_reviews_sentence,data/models/bert-of-theseus/multiemo_en_reviews_sentence-run-5,0.3,linear,0.00014,0,bert,,,,128,True,True,True,True,16,16,1,5e-05,0.01,1e-08,1.0,4.0,0,False,False,False,1,classification,16,16,79.441179,0.5691699604743083,0.456165,0.6052631578947368,0.6272727272727273,0.6160714285714286,110,0.43478260869565216,0.25,0.3174603174603175,40,0.5648148148148148,0.7093023255813954,0.6288659793814433,86,0.5,0.23529411764705882,0.31999999999999995,17,0.526215145351301,0.4554672926252954,0.4705994313532973,253,0.5574874537166846,0.5691699604743083,0.5533151939449564,253,267873391,267832336,66958084
